28554359	8108	17192	started	6.11.1
28573781	8108	17192	CREATE.ready	3148654
28576578	8108	17192	CREATE.ready	2231256
28577171	8108	17192	CREATE.ready	1444776
28578031	8108	17192	CREATE.ready	459148
28578453	8108	17192	CREATE.ready	786768
28578812	8108	17192	CREATE.ready	393540
28579234	8108	17192	CREATE.ready	721292
28579687	8108	17192	CREATE.ready	1706950
28580125	8108	17192	CREATE.ready	1772456
28580625	8108	17192	CREATE.ready	917900
28581000	8108	17192	CREATE.ready	1376592
28581531	8108	17192	CREATE.ready	852292
28582031	8108	17192	CREATE.ready	2231238
28582562	8108	17192	CREATE.ready	2296744
28583046	8108	17192	CREATE.ready	1967926
28586703	8108	17192	aboutToQuit
28586703	8108	17192	destructor.begin	1
28586734	8108	17192	previews.cleared
28586734	8108	17192	tasks.finished
